{"0":{"ident":"d","colors":[[228,228,228],[255,255,255],[255,255,255],[228,228,228],[196,196,196],[136,136,136],[78,78,78],[0,0,0],[199,199,199],[210.33333333333334,210.33333333333334,210.33333333333334],[172.33333333333334,172.33333333333334,172.33333333333334],[152.33333333333334,152.33333333333334,152.33333333333334],[76.33333333333333,76.33333333333333,76.33333333333333],[51.333333333333336,51.333333333333336,51.333333333333336],[171.33333333333334,171.33333333333334,171.33333333333334],[126,126,126],[110.66666666666667,110.66666666666667,110.66666666666667],[66.66666666666667,66.66666666666667,66.66666666666667],[214.66666666666666,214.66666666666666,214.66666666666666],[213.33333333333334,213.33333333333334,213.33333333333334],[148.66666666666666,148.66666666666666,148.66666666666666],[146.66666666666666,146.66666666666666,146.66666666666666],[64.33333333333333,64.33333333333333,64.33333333333333],[97,97,97],[40,40,40],[228,228,228],[144,144,144],[110,110,110],[78,78,78],[55,55,55],[181.66666666666666,181.66666666666666,181.66666666666666],[86,86,86]],"size":65536,"cli":2,"bcd":4000,"pcd":7000,"cds":60000,"ranked":true,"sd":"2020-01-07"},"1":{"ident":"m","colors":[[47.333333333333336,47.333333333333336,47.333333333333336],[93.66666666666667,93.66666666666667,93.66666666666667],[47.333333333333336,47.333333333333336,47.333333333333336],[93.66666666666667,93.66666666666667,93.66666666666667],[118.33333333333333,118.33333333333333,118.33333333333333],[181.33333333333334,181.33333333333334,181.33333333333334],[234.66666666666666,234.66666666666666,234.66666666666666],[119.33333333333333,119.33333333333333,119.33333333333333],[153,153,153],[80.66666666666667,80.66666666666667,80.66666666666667],[103,103,103],[126.33333333333333,126.33333333333333,126.33333333333333],[142,142,142],[166.66666666666666,166.66666666666666,166.66666666666666],[184.66666666666666,184.66666666666666,184.66666666666666],[142.66666666666666,142.66666666666666,142.66666666666666],[101,101,101],[75,75,75],[161.33333333333334,161.33333333333334,161.33333333333334],[199,199,199],[192.33333333333334,192.33333333333334,192.33333333333334],[160.33333333333334,160.33333333333334,160.33333333333334],[123.66666666666667,123.66666666666667,123.66666666666667],[92.66666666666667,92.66666666666667,92.66666666666667],[73.66666666666667,73.66666666666667,73.66666666666667],[82.66666666666667,82.66666666666667,82.66666666666667],[100.33333333333333,100.33333333333333,100.33333333333333],[178,178,178],[94.33333333333333,94.33333333333333,94.33333333333333],[118.66666666666667,118.66666666666667,118.66666666666667],[142,142,142],[191.33333333333334,191.33333333333334,191.33333333333334]],"size":16384,"historicalSizes":[["20210417",4096]],"cli":2,"bcd":15000,"cds":900000,"ranked":true,"req":20000,"sd":"2020-01-08"},"2":{"ident":"v","colors":[[255,255,255],[255,255,255],[255,255,255],[228,228,228],[196,196,196],[136,136,136],[78,78,78],[0,0,0],[199,199,199],[210.33333333333334,210.33333333333334,210.33333333333334],[172.33333333333334,172.33333333333334,172.33333333333334],[152.33333333333334,152.33333333333334,152.33333333333334],[76.33333333333333,76.33333333333333,76.33333333333333],[51.333333333333336,51.333333333333336,51.333333333333336],[171.33333333333334,171.33333333333334,171.33333333333334],[126,126,126],[110.66666666666667,110.66666666666667,110.66666666666667],[66.66666666666667,66.66666666666667,66.66666666666667],[214.66666666666666,214.66666666666666,214.66666666666666],[213.33333333333334,213.33333333333334,213.33333333333334],[148.66666666666666,148.66666666666666,148.66666666666666],[146.66666666666666,146.66666666666666,146.66666666666666],[64.33333333333333,64.33333333333333,64.33333333333333],[97,97,97],[40,40,40],[228,228,228],[144,144,144],[110,110,110],[78,78,78],[55,55,55],[181.66666666666666,181.66666666666666,181.66666666666666],[86,86,86],[47.333333333333336,47.333333333333336,47.333333333333336],[93.66666666666667,93.66666666666667,93.66666666666667],[118.33333333333333,118.33333333333333,118.33333333333333],[181.33333333333334,181.33333333333334,181.33333333333334],[234.66666666666666,234.66666666666666,234.66666666666666],[119.33333333333333,119.33333333333333,119.33333333333333],[153,153,153],[80.66666666666667,80.66666666666667,80.66666666666667],[103,103,103],[126.33333333333333,126.33333333333333,126.33333333333333],[142,142,142],[166.66666666666666,166.66666666666666,166.66666666666666],[184.66666666666666,184.66666666666666,184.66666666666666],[142.66666666666666,142.66666666666666,142.66666666666666],[101,101,101],[75,75,75],[161.33333333333334,161.33333333333334,161.33333333333334],[199,199,199],[192.33333333333334,192.33333333333334,192.33333333333334],[160.33333333333334,160.33333333333334,160.33333333333334],[123.66666666666667,123.66666666666667,123.66666666666667],[92.66666666666667,92.66666666666667,92.66666666666667],[73.66666666666667,73.66666666666667,73.66666666666667],[82.66666666666667,82.66666666666667,82.66666666666667],[100.33333333333333,100.33333333333333,100.33333333333333],[178,178,178],[94.33333333333333,94.33333333333333,94.33333333333333],[118.66666666666667,118.66666666666667,118.66666666666667],[142,142,142],[191.33333333333334,191.33333333333334,191.33333333333334]],"size":1024,"v":true,"cli":2,"bcd":2000,"cds":60000,"sd":"2020-01-08"},"3":{"ident":"c","colors":[[148,148,148],[25.333333333333332,25.333333333333332,25.333333333333332],[25.333333333333332,25.333333333333332,25.333333333333332],[29.666666666666668,29.666666666666668,29.666666666666668],[33.666666666666664,33.666666666666664,33.666666666666664],[36.666666666666664,36.666666666666664,36.666666666666664],[41.666666666666664,41.666666666666664,41.666666666666664],[51,51,51],[60.666666666666664,60.666666666666664,60.666666666666664],[70.33333333333333,70.33333333333333,70.33333333333333],[84.66666666666667,84.66666666666667,84.66666666666667],[96.66666666666667,96.66666666666667,96.66666666666667],[106.66666666666667,106.66666666666667,106.66666666666667],[120.66666666666667,120.66666666666667,120.66666666666667],[129.33333333333334,129.33333333333334,129.33333333333334],[137,137,137],[152.66666666666666,152.66666666666666,152.66666666666666],[161.66666666666666,161.66666666666666,161.66666666666666],[168.66666666666666,168.66666666666666,168.66666666666666],[179.66666666666666,179.66666666666666,179.66666666666666],[191.66666666666666,191.66666666666666,191.66666666666666],[202.66666666666666,202.66666666666666,202.66666666666666]],"size":256,"cli":2,"bcd":500,"cds":60000,"req":0,"sd":"2020-03-15"},"5":{"ident":"y","colors":[[38,38,38],[0,0,0],[128,128,128],[255,255,255],[104,104,104],[206,206,206],[184,184,184],[85.33333333333333,85.33333333333333,85.33333333333333],[76.33333333333333,76.33333333333333,76.33333333333333],[122,122,122],[152.66666666666666,152.66666666666666,152.66666666666666],[150,150,150],[63.333333333333336,63.333333333333336,63.333333333333336],[153.33333333333334,153.33333333333334,153.33333333333334],[113.33333333333333,113.33333333333333,113.33333333333333],[76.66666666666667,76.66666666666667,76.66666666666667]],"size":16384,"hid":true,"bcd":4000,"cds":4000,"sd":"2020-07-05"},"6":{"ident":"z","colors":[[255,255,255],[228,228,228],[136,136,136],[34,34,34],[210.33333333333334,210.33333333333334,210.33333333333334],[76.33333333333333,76.33333333333333,76.33333333333333],[126,126,126],[110.66666666666667,110.66666666666667,110.66666666666667],[148.66666666666666,148.66666666666666,148.66666666666666],[146.66666666666666,146.66666666666666,146.66666666666666],[64.33333333333333,64.33333333333333,64.33333333333333],[144,144,144],[110,110,110],[78,78,78],[181.66666666666666,181.66666666666666,181.66666666666666],[86,86,86]],"size":16384,"hid":true,"bcd":10000,"cds":10000,"sd":"2020-07-05"},"7":{"ident":"w","colors":[[0,0,0],[255,255,255],[0,0,0],[255,255,255]],"size":65536,"cli":2,"bcd":7000,"pcd":15000,"cds":1000000,"ranked":true,"req":5000,